161,png,1673280444
162,png,1673280446
163,png,1673280448
164,png,1673280451
2bbc2me,gif,1673281871
2bbc2me1,gif,1673281869
abel1,png,1673279058
abel2,png,1673279060
abel3,png,1673279062
abel4,png,1673279064
abel5,png,1673279066
abel6,png,1673279068
abel7,png,1673279069
abel8,png,1673279071
acridposting,gif,1673284821
ahrieahegao1,png,1673286104
ahrieahegao2,png,1673286105
ahrieahegao3,png,1673286107
ahrieahegao4,png,1673286109
ahrig6,gif,1673282793
ahrii1,png,1673282652
ahrii2,png,1673282654
ahrii3,png,1673282656
ahrii4,png,1673282657
aimorph,gif,1673287753
aischoolcum1,gif,1673280354
aischoolcum2,gif,1673280355
aischoolcum3,gif,1673280357
akagihearts,gif,1673289252
alausegg1,png,1673281736
alausegg2,png,1673281737
alausegg3,png,1673281739
alausegg4,png,1673281741
alcinaass1,png,1673285819
alcinaass2,png,1673285821
alcinaass3,png,1673285822
alcinaass4,png,1673285824
alisonnub,png,1673284954
alousp1,gif,1673285739
alousp2,gif,1673285741
alousp3,gif,1673285742
alousp4,gif,1673285745
amirpawg1,gif,1673283965
amirpawg2,gif,1673283967
amirpawg3,gif,1673283969
amirpawg4,gif,1673283970
analbbc1,gif,1673287111
analbbc2,gif,1673287114
analsex,gif,1673280439
anastasiabutt1,png,1673280428
anastasiabutt2,png,1673280430
anastasiabutt3,png,1673280432
anastasiabutt4,png,1673280435
archerclass,png,1673282714
archonbaal,png,1673286409
ariasmile,png,1673289338
asagi,gif,1673285804
assjiggle,gif,1673281732
assshimmy,gif,1673281734
awake,png,1673288639
ballswell,gif,1673286394
bbcasslick1,gif,1673286281
bbcasslick2,gif,1673286284
bbcasslick3,gif,1673286286
bbcasslick4,gif,1673286288
bbcride11,gif,1673282173
bbcride12,gif,1673282175
bbcride13,gif,1673282176
bbcride14,gif,1673282178
bbf6,gif,1673282475
bbf7,gif,1673282477
beer2,png,1673288565
bete,gif,1673285295
blc1,png,1673287179
blc2,png,1673287181
blc3,png,1673287183
blobcatbongokeyboard,gif,1673280150
blushing2,png,1673280245
blushlove,png,1673280243
boobs image,png,1673286142
bouncymalice,gif,1673283098
boyslam1,gif,1673284089
boyslam2,gif,1673284090
boyslam3,gif,1673284092
boyslam4,gif,1673284094
bronyapeek,png,1673282871
bruhmyeyes,png,1673288341
bstrut5,gif,1673288075
bstrut6,gif,1673288078
bstrut7,gif,1673288080
bstrut8,gif,1673288083
buffilook,png,1673289250
bunball,png,1673289270
bunintheoven,gif,1673287653
bunnepyon,gif,1673287812
bunnybitch,png,1673288147
bunnybunbun1,png,1673286642
bunnybunbun2,png,1673286643
bunnybunbun3,png,1673286645
bunnybunbun4,png,1673286647
bunvibe,gif,1673285838
bunwork,gif,1673283612
buttwag1,gif,1673284405
buttwag2,gif,1673284408
buttwag3,gif,1673284409
buttwag4,gif,1673284411
cagebeeds,png,1673279295
catvenawiggle,gif,1673286966
censor1,png,1673285212
censor2,png,1673285214
centaur1,gif,1673285634
centaur2,gif,1673285636
centaur3,gif,1673285638
centaur4,gif,1673285639
ceovibrate,gif,1673285435
cervixpen,gif,1673289245
cgr1a1,gif,1673284721
chompies,gif,1673280275
christmastree2,png,1673285501
clodsire,png,1673280236
collinplease,png,1673284857
corcrop1,png,1673280493
coyfern,png,1673288662
cum4u,gif,1673282378
cum4u2,gif,1673282377
cumleft,gif,1673286110
cummiesright,gif,1673287333
cumright,gif,1673286112
cvmulched,gif,1673285232
cya1,png,1673284198
cya2,png,1673284200
cyanhearts,gif,1673280025
daeback1,png,1673287827
daeback2,png,1673287829
daletethis,png,1673282761
darli abs,png,1673286851
dblolifuck1,gif,1673288497
dblolifuck2,gif,1673288500
dblolifuck3,gif,1673288501
dblolifuck4,gif,1673288503
dead,png,1673289374
deadrave,gif,1673282328
deerbean,png,1673288554
deercrimes,png,1673285173
dembuns,png,1673284956
derpossum,png,1673283973
dkcgleft,gif,1673280163
dkcgright,gif,1673280165
doczoe1,gif,1673286043
doczoe2,gif,1673286045
doczoe3,gif,1673286047
doczoe4,gif,1673286049
doesleep,gif,1673284220
dog_tail,gif,1673282675
donut,png,1673281914
ellsleep,gif,1673283106
erza and kagura 1,gif,1673287105
erza and kagura 2,gif,1673287107
eyerinl,png,1673280021
eyerinr,png,1673280023
eyesemoji,png,1673288015
faceone,gif,1673285668
facetwo,gif,1673285670
fairytype,png,1673282712
firstnight,gif,1673288631
fl-amalia,png,1673282989
fox_tail,gif,1673282659
futadong,gif,1673282284
g 5,gif,1673282700
g 6,gif,1673282702
g 7,gif,1673282704
g 8,gif,1673282706
gaybooty2,gif,1673280232
gaybooty3,gif,1673280234
gaybuttfuck,gif,1673283860
ghad1,gif,1673286571
ghad2,gif,1673286573
ghad3,gif,1673286574
ghad4,gif,1673286576
ghsl1,png,1673281907
ghsl2,png,1673281909
ghsl3,png,1673281911
ghsl4,png,1673281912
gobbothrob,gif,1673279297
going feral,png,1673280333
goonersenpaiad1,gif,1673284033
goonersenpaiad2,gif,1673284035
goonersenpaiad3,gif,1673284037
goonersenpaiad4,gif,1673284038
gottem,png,1673285216
graypress,png,1673283779
hacdead,png,1673285446
handtit1,gif,1673284757
handtit2,gif,1673284758
hapysev,png,1673288685
hbfern1,png,1673285828
hbfern2,png,1673285829
hbfern3,png,1673285831
hbfern4,png,1673285833
hearts9,gif,1673280441
heartz,gif,1673285193
hellraiser,png,1673282869
hellraisers,png,1673282867
helpmee,gif,1673288585
hexwalk1,gif,1673289057
hexwalk2,gif,1673289059
hinata,png,1673285917
horde,png,1673288132
hp1cumfull,png,1673284373
hp2cum,png,1673284377
hp3cum,png,1673284379
hsdroned2,gif,1673285802
iancore,png,1673283949
idmp1,png,1673286519
idmp2,png,1673286521
idmp3,png,1673286524
idmp4,png,1673286526
idmp5,png,1673286527
idmp6,png,1673286529
illyablush,png,1673289280
iltc,png,1673285331
imafucktoy,png,1673286215
imahypnoslut,png,1673285837
infest,gif,1673281696
inkosparkles,gif,1673280402
inn-ad1,png,1673285612
inn-ad2,png,1673285614
inthehole,png,1673279003
jadkiss1,gif,1673288224
jadkiss2,gif,1673288226
jennyblow1,gif,1673286163
jennyblow2,gif,1673286165
jennyblow3,gif,1673286167
jennyblow4,gif,1673286169
jerkit1,gif,1673287945
jerkit2,gif,1673287946
jerkit3,gif,1673287949
jerkit4,gif,1673287951
jermapunch,gif,1673280052
jessicanotlikethis,png,1673286099
jiggleleft,gif,1673288109
jiggleright,gif,1673288111
jld1,gif,1673286782
jld2,gif,1673286783
jld3,gif,1673286785
jld4,gif,1673286787
joglurk,png,1673288464
joyeah,png,1673282023
julee15-1,gif,1673283686
julee15-2,gif,1673283688
julee15-3,gif,1673283690
julee15-4,gif,1673283691
k1u,gif,1673282411
k2u,gif,1673282413
k3u,gif,1673282415
k4u,gif,1673282417
kamc,png,1673286949
kassheart,gif,1673289240
khalackmerry,png,1673288563
kianapeek,png,1673282831
kingbl2,gif,1673282071
kingbr2,gif,1673282073
kingtl2,gif,1673282066
kingtr2,gif,1673282069
kissmark,png,1673289122
kn1,png,1673286595
kn2,png,1673286597
kn3,png,1673286598
kn4,png,1673286600
kn5,png,1673286601
kn6,png,1673286603
knotfucking1,gif,1673283519
knotfucking2,gif,1673283520
knotfucking3,gif,1673283522
knotfucking4,gif,1673283525
kofoxhu2,gif,1673284967
korn1,gif,1673286900
korn2,gif,1673286903
korn3,gif,1673286905
korn4,gif,1673286907
kurobless,png,1673282371
lamb001,png,1673286014
lamb002,png,1673286016
lamb003,png,1673286018
lamb004,png,1673286020
lamiasqueeze,gif,1673283693
lazy,png,1673283168
leakingcock1,png,1673288693
leakingcock2,png,1673288695
leakingcock3,png,1673288697
leakingcock4,png,1673288699
leakingcock5,png,1673288700
leakingcock6,png,1673288702
leg51,png,1673279993
leg52,png,1673279996
leg53,png,1673279998
leg54,png,1673280000
life,png,1673285288
lipstickmeat1,png,1673280097
lipstickmeat2,png,1673280099
lipstickmeat3,png,1673280100
lipstickmeat4,png,1673280103
liveghostreaction1,png,1673286211
liveghostreaction2,png,1673286213
lizardidle,gif,1673284754
loli,png,1673284969
lolichu1,gif,1673285531
lolichu2,gif,1673285533
lolichu3,gif,1673285535
lolichu4,gif,1673285536
lolirage,gif,1673286184
lovehhu,png,1673286295
lunasmuggi,png,1673279155
lusktired,png,1673283608
malbounce,gif,1673280186
malicebutt1,png,1673289132
malicehead1,png,1673289131
mari ok,gif,1673280404
markobutt3,png,1673289221
mashuad1,gif,1673280305
mashuad2,gif,1673280307
mashuad3,gif,1673280309
mashuad4,gif,1673280310
massive1,gif,1673288745
massive2,gif,1673288747
megueat,gif,1673289428
melly_3,gif,1673285159
melly_4,gif,1673285161
mft1,gif,1673283912
mft2,gif,1673283914
mft3,gif,1673283916
mft4,gif,1673283918
microphoneleft,png,1673288556
mkcl,png,1673282798
mkcr,png,1673282800
mocha abs_1,png,1673286635
mocha abs_2,png,1673286637
mocha abs_3,png,1673286638
mocha abs_4,png,1673286640
modelscene7,gif,1673289326
modelscene8,gif,1673289328
moikass1,gif,1673285697
moikass2,gif,1673285699
moikass3,gif,1673285701
moikass4,gif,1673285703
monhunt1,gif,1673282805
monhunt2,gif,1673282807
monhunt3,gif,1673282809
monhunt4,gif,1673282811
moodonk1,png,1673287671
moodonk2,png,1673287672
moodonk3,png,1673287674
moodonk4,png,1673287676
moopeekb,png,1673286034
mtaur3,png,1673280015
mtaur4,png,1673280017
najimisuck1,png,1673289409
najimisuck2,png,1673289410
najimisuck3,png,1673289412
najimisuck4,png,1673289414
neonod,gif,1673280104
nezukodoesadance,gif,1673287108
nfwl,png,1673282813
nfwr,png,1673282815
nightmareyuki2,png,1673286418
nikeon1,gif,1673284322
nikeon2,gif,1673284325
nikeon3,gif,1673284327
nikeon4,gif,1673284328
nunjob1,gif,1673282364
nunjob2,gif,1673282366
nunjob3,gif,1673282367
nunjob4,gif,1673282369
nuttoohard,png,1673286754
nyaaking,gif,1673287063
nyachill,gif,1673283028
nyawork,png,1673285350
ohoho,gif,1673289336
okut1,gif,1673285204
okut2,gif,1673285206
okut3,gif,1673285208
okut4,gif,1673285210
orcedc1,png,1673289069
orcedc2,png,1673289070
pain3,png,1673287243
pandass1,gif,1673282465
pandass2,gif,1673282467
pandass3,gif,1673282468
pandass4,gif,1673282470
pbreed,gif,1673285297
peekalice,gif,1673287808
pinkpanties,png,1673285512
plap01,gif,1673283801
plap02,gif,1673283803
plap03,gif,1673283805
plap04,gif,1673283806
pointleft,png,1673280060
pointright,png,1673280058
poitit1,png,1673282977
poitit2,png,1673282979
poitit3,png,1673282981
poitit4,png,1673282983
polish dragon,gif,1673288766
ponut,png,1673289295
pounded1,gif,1673286557
pounded2,gif,1673286560
powa1,gif,1673287098
powa2,gif,1673287099
powa3,gif,1673287101
powa4,gif,1673287103
prejac13,gif,1673285793
prejac5,gif,1673285800
prejac9,gif,1673285798
prideflag,gif,1673283654
princesschloe5,png,1673286377
pumpcum,gif,1673287166
purpleflame,gif,1673283988
putstuff,png,1673279001
rabies,gif,1673286055
raidenmeipeek,png,1673282850
rats,gif,1673282327
rattlegeese,png,1673286297
readya,png,1673289547
readyb,png,1673289549
rerf,png,1673286606
richiethonk,png,1673288120
ropevibe,gif,1673289486
rubychochat1,png,1673287184
rubychochat2,png,1673287186
rubychochat3,png,1673287188
rubychochat4,png,1673287190
sbbooty1,png,1673289288
sbbooty2,png,1673289289
sbbooty3,png,1673289291
sbbooty4,png,1673289293
sbbooty6,png,1673289297
screaming sun,png,1673285355
sdom1,gif,1673286188
sdom2,gif,1673286189
sdom3,gif,1673286191
sdom4,gif,1673286192
sevsnek,png,1673281743
sharkdance,gif,1673286719
sharkspot1,png,1673284642
sharkspot2,png,1673284644
sharkspot3,png,1673284647
sharkspot4,png,1673284649
shbeam,png,1673279162
shetuccme,png,1673282895
shtrd1,gif,1673279278
shtrd2,gif,1673279281
shtrd3,gif,1673279282
shtrd4,gif,1673279284
shuff,png,1673279160
shyvlips1,png,1673285789
shyvlips2,png,1673285791
silentgape,png,1673281833
sissy,gif,1673280240
slamf5,gif,1673285127
slamf6,gif,1673285128
slamf7,gif,1673285130
slamf8,gif,1673285131
sleepdog,png,1673285307
sleepy,png,1673289312
slempig1,gif,1673284609
slempig2,gif,1673284610
slempig3,gif,1673284612
slempig4,gif,1673284614
slurpkiss,gif,1673282678
slutbeg,gif,1673281748
smugloli,png,1673286186
snore,gif,1673289277
snuffyhype,png,1673283975
snuffyshake,gif,1673286299
splat,gif,1673287331
star wars,png,1673282763
straybounce,gif,1673279097
swayphalia1,gif,1673287232
swayphalia2,gif,1673287234
swayphalia3,gif,1673287235
swayphalia4,gif,1673287237
taka1,gif,1673282861
taka2,gif,1673282863
taka3,gif,1673282864
taka4,gif,1673282866
talizorah5,gif,1673287122
talizorah6,gif,1673287221
talkbubble,png,1673283614
tapout1,gif,1673283833
tapout2,gif,1673283835
tapout3,gif,1673283837
tats-4,png,1673282335
tatsuass1,png,1673284063
tatsuass2,png,1673284065
tatsuass3,png,1673284066
tatsuass4,png,1673284068
tcock1,gif,1673285693
tcock2,gif,1673285695
teraass1,png,1673285078
teraass2,png,1673285080
teraass3,png,1673285081
teraass4,png,1673285083
teraass5,png,1673285085
teraass6,png,1673285087
tf 36,gif,1673282542
tf 37,gif,1673282545
tf 38,gif,1673282546
tf 39,gif,1673282548
thebigknot,gif,1673284223
thisfuckingcat1,png,1673287677
thisfuckingcat2,png,1673287679
thisfuckingcat3,png,1673287681
thisfuckingcat4,png,1673287682
thisisfine,png,1673286614
thoughtend,png,1673284224
thoughtstart,png,1673279293
tieflingfastpat,gif,1673287079
tinyanal1,gif,1673281838
tinyanal2,gif,1673281840
tinyanal3,gif,1673281842
tinyanal4,gif,1673281844
titgif5,gif,1673286674
titgif6,gif,1673286676
togaglare,png,1673280035
tpbra,gif,1673285049
tpbrb,gif,1673285051
tpbrc,gif,1673285052
tpbrd,gif,1673285055
type horny,png,1673288116
typecringe,png,1673286329
typehorn,png,1673286328
typelasagna,png,1673286335
typemilf,png,1673286331
typethicc,png,1673286326
typethot,png,1673286333
typetwink,png,1673288152
umbrellaslide,gif,1673279047
umbrellasliding,gif,1673282563
urbiecop1,gif,1673284723
urbiecop2,gif,1673284727
vignajam,gif,1673283079
void spiral,gif,1673282720
voidcum,gif,1673279137
vomibj1,png,1673284776
vomibj2,png,1673284778
vomibj3,png,1673284779
vomibj4,png,1673284781
vwh1,gif,1673289596
vwh2,gif,1673289598
vwh3,gif,1673289599
vwh4,gif,1673289601
willsmith2,png,1673279992
winbounce1,gif,1673287663
winbounce2,gif,1673287665
winbounce3,gif,1673287667
winbounce4,gif,1673287669
winflop1,gif,1673279967
winflop2,gif,1673279969
winflop3,gif,1673279971
winflop4,gif,1673279973
wombfill1,gif,1673281900
woof01,png,1673282667
woof02,png,1673282669
woof03,png,1673282671
woof04,png,1673282673
wooly1,png,1673285945
workbun,gif,1673283610
xeltiddieleft,gif,1673285794
xeltiddieright,gif,1673285796
xinplap1,gif,1673279286
xinplap2,gif,1673279288
xinplap3,gif,1673279290
xinplap4,gif,1673279292
yamada1,gif,1673285728
yamada2,gif,1673285730
yamada3,gif,1673285733
yamada4,gif,1673285732
yanderestud4,png,1673283082
yanderestud5,png,1673283084
yanderestud6,png,1673283086
yeeni1,png,1673282026
yeeni2,png,1673282028
yeeni3,png,1673282030
yeeni4,png,1673282032
you got mail,gif,1673281967
you loser,png,1673287016
yuhbulge1,png,1673284839
yuhbulge2,png,1673284841
yuhbulge3,png,1673284843
yuhbulge4,png,1673284845
zb2,gif,1673280005
zb3,gif,1673280003
zombi,gif,1673288630
zuras12,png,1673287133
zuras22,png,1673287136
zzzanimated,gif,1673279095
